class_id,label,total_blocks,train,val,test
0,封面页,1864,1381,279,204
1,目录,10512,7708,1359,1445
2,商务偏差表,2206,1597,354,255
3,投标保证金,12164,8495,1571,2098
4,关系说明,2968,2209,396,363
5,基本情况表,15170,10414,2444,2312
6,营业执照,1807,1309,284,214
7,税务证明,981,777,103,101
8,资格证明文件,73233,52149,10642,10442
9,财务状况,58045,39207,6186,12652
10,财务凭证单,846,621,70,155
11,资质业绩凭证单,162,97,13,52
12,评分支撑材料,231199,149057,33686,48456
13,名称变更,2915,2182,235,498
14,一致性承诺函,1049,786,160,103
15,十不准,1984,1437,299,248
16,公章授权书,860,634,119,107
17,其他,34836,27266,3255,4315
18,法定代表人授权委托书,3708,2797,627,284
