zipname,docs,pages,rows,text,image,mixed,ocr_filled,image_no_ocr,labeled,unlabeled,text_chars,ocr_chars
training_data_2026-08-04 (1).zip,4,1973,40534,38385,2149,0,92,2149,40442,92,972675,207
training_data_2026-08-04.zip,4,993,7345,5584,1761,0,0,1761,7345,0,194356,0
training_data_2026-08-08 (1).zip,4,1271,6061,4322,1739,0,0,1739,6061,0,85318,0
training_data_2026-08-08 (2).zip,4,1852,17366,13418,3948,0,0,3948,17366,0,278323,0
training_data_2026-08-08.zip,4,1339,9098,7074,2024,0,0,2024,9098,0,175569,0
training_data_2026-08-16 (2).zip,7,2291,16796,11758,5038,0,1,5038,16795,1,278643,1
training_data_2026-08-16(3).zip,9,4432,37208,29889,7319,0,0,7319,37208,0,603980,0
training_data_2026-08-16.zip,5,1467,9662,6955,2707,0,0,2707,9662,0,201737,0
training_data_2026-08-19.zip,6,2418,32516,29643,2873,0,0,2873,32516,0,670509,0
training_data_2026-08-27 (1).zip,3,461,2149,1615,143,391,391,143,2149,0,30708,180257
training_data_2026-08-27 (2).zip,4,1893,12878,9265,366,3247,3247,366,12878,0,162256,1062487
training_data_2026-08-27-usbkey.zip,3,755,6175,5443,499,233,233,499,6175,0,119263,86224
training_data_2026-08-27.zip,3,1128,19716,17674,26,2016,2016,26,19716,0,392493,461193
training_data_2026-08-27_2.zip,1,838,4696,2940,22,1734,1734,22,4696,0,72572,500347
training_data_2026-08-31.zip,3,890,18789,18437,1,351,351,1,18789,0,364478,253576
training_data_2026-08-31_1.zip,4,1652,8365,6168,71,2126,2126,71,8365,0,132035,952391
training_data_2026-08-31_2.zip,3,945,3790,2803,89,898,898,89,3790,0,52799,597403
training_data_2026-08-31_3.zip,4,611,4293,3413,291,589,589,291,4293,0,81326,246089
training_data_2026-09-03 (1).zip,3,1502,10597,7860,1275,1462,1462,1275,10597,0,168038,799637
training_data_2026-09-03-1.zip,3,1244,6441,5258,110,1073,1073,110,6441,0,118853,590920
training_data_2026-09-03.zip,3,1444,10494,8095,899,1500,1500,899,10494,0,172424,810761
training_data_2026-09-08 (1).zip,3,1456,21628,20087,527,1014,1014,527,21628,0,382665,510222
training_data_2026-09-08 (2).zip,3,1274,5852,4176,25,1651,1651,25,5852,0,99401,642585
training_data_2026-09-08 (4).zip,3,858,8339,6464,22,1853,1853,22,8339,0,135186,426365
training_data_2026-09-08 5.zip,3,1488,9675,7177,1102,1396,1396,1102,9675,0,162138,773632
training_data_2026-09-08 6.zip,3,947,6827,4784,1094,949,949,1094,6827,0,134506,492906
training_data_2026-09-08.zip,1,523,3793,3200,32,561,561,32,3793,0,68859,303096
training_data_2026-09-13 (1).zip,4,1322,14932,13163,694,1075,1075,694,14932,0,256530,640624
training_data_2026-09-13 (2).zip,3,894,4867,3526,249,1092,1092,249,4867,0,69329,459121
training_data_2026-09-13 (3).zip,3,1436,11929,8495,1837,1597,1597,1837,11929,0,172465,641083
training_data_2026-09-13 (4).zip,3,1031,7530,5540,625,1365,1365,625,7530,0,113112,674666
training_data_2026-09-13.zip,3,858,8339,6464,22,1853,1853,22,8339,0,135186,426365
training_data_2026-09-14 (1).zip,4,1669,13220,9960,1634,1626,1626,1634,13220,0,215663,914406
training_data_2026-09-14.zip,3,1105,8627,6172,1566,889,889,1566,8627,0,139410,463958
training_data_2026-09-17 (1).zip,3,1769,9412,6486,1164,1762,1762,1164,9412,0,124228,935520
training_data_2026-09-17 (2).zip,3,1286,19324,17122,1229,973,973,1229,19324,0,285674,591477
training_data_2026-09-17 (3).zip,3,1841,10806,8083,1442,1281,1281,1442,10806,0,164073,762661
training_data_2026-09-17.zip,3,1188,6533,4898,526,1109,1109,526,6533,0,130876,595931
