class_id,label,best_model_precision,best_model_recall,best_model_f1,best_model_support,last_precision,last_recall,last_f1,last_support,checkpoint_epoch5_precision,checkpoint_epoch5_recall,checkpoint_epoch5_f1,checkpoint_epoch5_support
0,封面页,0.4975,0.9902,0.6623,204,0.8327,1.0000,0.9087,204,0.7961,0.9951,0.8845,204
1,目录,0.8408,0.9211,0.8791,1445,0.9361,0.9834,0.9592,1445,0.9783,0.9675,0.9729,1445
2,商务偏差表,0.9960,0.9725,0.9841,255,1.0000,0.9961,0.9980,255,1.0000,0.9961,0.9980,255
3,投标保证金,0.9981,0.9828,0.9904,2098,0.9326,0.9967,0.9636,2098,0.9986,0.9924,0.9955,2098
4,关系说明,0.9867,0.8154,0.8929,363,0.9863,0.9945,0.9904,363,0.9890,0.9890,0.9890,363
5,基本情况表,0.8120,0.7228,0.7648,2312,0.9545,0.7444,0.8365,2312,0.9556,0.7258,0.8250,2312
6,营业执照,0.8462,0.5654,0.6779,214,0.9247,0.6308,0.7500,214,0.9500,0.6215,0.7514,214
7,税务证明,0.7540,0.9406,0.8370,101,0.7111,0.9505,0.8136,101,0.9184,0.8911,0.9045,101
8,资格证明文件,0.9319,0.7740,0.8456,10442,0.9084,0.9863,0.9457,10442,0.9505,0.9837,0.9668,10442
9,财务状况,0.9175,0.7148,0.8036,12652,0.8707,0.9358,0.9021,12652,0.8081,0.9644,0.8794,12652
10,财务凭证单,0.8779,0.7419,0.8042,155,0.8757,0.9548,0.9136,155,0.7114,0.6839,0.6974,155
11,资质业绩凭证单,0.8889,0.3077,0.4571,52,0.9333,0.8077,0.8660,52,0.8571,0.3462,0.4932,52
12,评分支撑材料,0.8742,0.9759,0.9222,48456,0.9823,0.8964,0.9374,48456,0.9734,0.9004,0.9355,48456
13,名称变更,0.6966,0.9498,0.8037,498,0.4047,0.9759,0.5721,498,0.6839,0.9819,0.8063,498
14,一致性承诺函,0.7537,0.9806,0.8523,103,0.8487,0.9806,0.9099,103,0.7953,0.9806,0.8783,103
15,十不准,0.7621,0.8911,0.8216,248,0.9868,0.9073,0.9454,248,0.9912,0.9073,0.9474,248
16,公章授权书,0.9279,0.9626,0.9450,107,0.9364,0.9626,0.9493,107,0.9211,0.9813,0.9502,107
17,其他,0.9652,0.7066,0.8159,4315,0.6477,0.9421,0.7676,4315,0.6773,0.8742,0.7633,4315
18,法定代表人授权委托书,0.8821,0.7113,0.7875,284,0.8805,0.9085,0.8943,284,0.9416,0.9085,0.9247,284
